[{"isActive":false,"firmName":"ddfssds","mobile":"9784524584","approvalStatus":"PENDING","userId":"d485b9f5-6d60-494b-88c8-32af30ea6de8","updatedAt":"2026-02-04T07:31:47.721Z","gstNumber":"123456789987456","createdAt":"2026-02-04T07:31:47.721Z","address":{"pincode":"584110","state":"sd","city":"dsdsd","street":"sdsds"},"email":"dsdsd@gmail.com","pan":"","businessId":"101446b6-bfe2-4a6a-b66b-abea7ca23619"},{"address":{"pincode":"458110","state":"sdsdsd","city":"sdsd","street":"dsds"},"approvalStatus":"APPROVED","createdAt":"2026-02-03T10:04:38.381Z","dispatchAddress":{"gstNumber":"123456789789541","pincode":"458110","country":"INDIA","city":",Amanda’s","companyName":"chandiwala","state":"Maharashtra","addressLine":"assess"},"email":"chirah@gmail.com","firmName":"fdfdf","gstNumber":"DA2545874125487","isActive":true,"mobile":"9747125684","pan":"","updatedAt":"2026-02-04T07:15:20.541Z","userId":"d485b9f5-6d60-494b-88c8-32af30ea6de8","businessId":"af7ac168-3a1c-46a7-ba8e-24513b3366b4"}]