{"message":"Business Profile Created","business":{"userId":"c0ffa8be-7723-4f70-b3bf-0667336d8ba6","businessId":"a8329379-5a43-4f0f-a986-f8590ee61bc4","firmName":"Master Settings Test Co","mobile":"9876543210","address":{"city":"Bangalore","state":"Karnataka"},"bankAccounts":[{"id":"ba-001","accountName":"Master Settings Test Co","bankName":"HDFC Bank","accountNumber":"50100123456789","ifscCode":"HDFC0001234","branch":"Koramangala Branch","upiId":"test@hdfc","isDefault":true},{"id":"ba-002","accountName":"Master Settings Test Co","bankName":"ICICI Bank","accountNumber":"012345678901","ifscCode":"ICIC0001234","branch":"MG Road","upiId":"test@icici","isDefault":false}],"transporters":[],"termsTemplates":[],"defaultSignatureUrl":null,"defaultStampUrl":null,"approvalStatus":"PENDING","isActive":false,"createdAt":"2026-02-05T06:15:02.804Z","updatedAt":"2026-02-05T06:15:02.804Z"}}