{"message":"Business Updated","business":{"transporters":[{"name":"Fast Logistics Pvt Ltd","transporterId":"TR123","isDefault":true,"id":"tr-001"},{"name":"Quick Transport Services","transporterId":"TR456","isDefault":false,"id":"tr-002"}],"businessId":"a8329379-5a43-4f0f-a986-f8590ee61bc4","termsTemplates":[{"name":"Standard Terms","isDefault":true,"id":"tt-001","terms":["Payment due within 30 days","Late payment subject to 2% monthly interest","All disputes subject to Bangalore jurisdiction"]},{"name":"Export Terms","isDefault":false,"id":"tt-002","terms":["Payment via LC only","Shipping FOB","All disputes subject to international arbitration"]}],"approvalStatus":"PENDING","createdAt":"2026-02-05T06:15:02.804Z","address":{"city":"Bangalore","state":"Karnataka"},"bankAccounts":[{"isDefault":true,"accountName":"Master Settings Test Co","bankName":"HDFC Bank","id":"ba-001","accountNumber":"50100123456789","upiId":"test@hdfc","ifscCode":"HDFC0001234","branch":"Koramangala Branch"},{"isDefault":false,"accountName":"Master Settings Test Co","bankName":"ICICI Bank","id":"ba-002","accountNumber":"012345678901","upiId":"test@icici","ifscCode":"ICIC0001234","branch":"MG Road"}],"isActive":false,"defaultSignatureUrl":"https://s3.amazonaws.com/bucket/signatures/test-sign.png","defaultStampUrl":"https://s3.amazonaws.com/bucket/stamps/test-stamp.png","firmName":"Master Settings Test Co","mobile":"9876543210","updatedAt":"2026-02-05T06:15:04.762Z","userId":"c0ffa8be-7723-4f70-b3bf-0667336d8ba6"}}