{
    "info": {
        "_postman_id": "c7a8b9e0-d1f2-43b4-a5c6-d7e8f9a0b1c2",
        "name": "GST Billing API",
        "description": "Collection for testing User Registration, Login, Admin Approval, and Business Profiles.",
        "schema": "https://schema.getpostman.com/json/collection/v2.1.0/collection.json"
    },
    "item": [
        {
            "name": "Auth",
            "item": [
                {
                    "name": "Register User",
                    "request": {
                        "method": "POST",
                        "header": [],
                        "body": {
                            "mode": "raw",
                            "raw": "{\n    \"name\": \"John Doe\",\n    \"email\": \"john@example.com\",\n    \"password\": \"password123\"\n}",
                            "options": {
                                "raw": {
                                    "language": "json"
                                }
                            }
                        },
                        "url": {
                            "raw": "{{baseUrl}}/auth/register",
                            "host": [
                                "{{baseUrl}}"
                            ],
                            "path": [
                                "auth",
                                "register"
                            ]
                        }
                    },
                    "response": []
                },
                {
                    "name": "Login",
                    "event": [
                        {
                            "listen": "test",
                            "script": {
                                "exec": [
                                    "var jsonData = pm.response.json();",
                                    "if (jsonData.token) {",
                                    "    pm.environment.set(\"token\", jsonData.token);",
                                    "}"
                                ],
                                "type": "text/javascript"
                            }
                        }
                    ],
                    "request": {
                        "method": "POST",
                        "header": [],
                        "body": {
                            "mode": "raw",
                            "raw": "{\n    \"email\": \"john@example.com\",\n    \"password\": \"password123\"\n}",
                            "options": {
                                "raw": {
                                    "language": "json"
                                }
                            }
                        },
                        "url": {
                            "raw": "{{baseUrl}}/auth/login",
                            "host": [
                                "{{baseUrl}}"
                            ],
                            "path": [
                                "auth",
                                "login"
                            ]
                        }
                    },
                    "response": []
                }
            ]
        },
        {
            "name": "Admin",
            "item": [
                {
                    "name": "Get Pending Reviews",
                    "request": {
                        "auth": {
                            "type": "bearer",
                            "bearer": [
                                {
                                    "key": "token",
                                    "value": "{{token}}",
                                    "type": "string"
                                }
                            ]
                        },
                        "method": "GET",
                        "header": [],
                        "url": {
                            "raw": "{{baseUrl}}/admin/pending",
                            "host": [
                                "{{baseUrl}}"
                            ],
                            "path": [
                                "admin",
                                "pending"
                            ]
                        },
                        "description": "Requires Admin Role token."
                    },
                    "response": []
                },
                {
                    "name": "Approve User",
                    "request": {
                        "auth": {
                            "type": "bearer",
                            "bearer": [
                                {
                                    "key": "token",
                                    "value": "{{token}}",
                                    "type": "string"
                                }
                            ]
                        },
                        "method": "POST",
                        "header": [],
                        "body": {
                            "mode": "raw",
                            "raw": "{\n    \"userId\": \"USER-ID-HERE\",\n    \"trialDays\": 14\n}",
                            "options": {
                                "raw": {
                                    "language": "json"
                                }
                            }
                        },
                        "url": {
                            "raw": "{{baseUrl}}/admin/approve",
                            "host": [
                                "{{baseUrl}}"
                            ],
                            "path": [
                                "admin",
                                "approve"
                            ]
                        },
                        "description": "Requires Admin Role token."
                    },
                    "response": []
                }
            ]
        },
        {
            "name": "Business",
            "item": [
                {
                    "name": "Create Business",
                    "request": {
                        "auth": {
                            "type": "bearer",
                            "bearer": [
                                {
                                    "key": "token",
                                    "value": "{{token}}",
                                    "type": "string"
                                }
                            ]
                        },
                        "method": "POST",
                        "header": [],
                        "body": {
                            "mode": "raw",
                            "raw": "{\n    \"firmName\": \"My Awesome Business\",\n    \"gstNumber\": \"27ABCDE1234F1Z5\",\n    \"pan\": \"ABCDE1234F\",\n    \"mobile\": \"9876543210\",\n    \"email\": \"contact@mybusiness.com\",\n    \"address\": {\n        \"street\": \"Main Road\",\n        \"city\": \"Mumbai\",\n        \"pincode\": \"400001\"\n    }\n}",
                            "options": {
                                "raw": {
                                    "language": "json"
                                }
                            }
                        },
                        "url": {
                            "raw": "{{baseUrl}}/business",
                            "host": [
                                "{{baseUrl}}"
                            ],
                            "path": [
                                "business"
                            ]
                        }
                    },
                    "response": []
                },
                {
                    "name": "List My Businesses",
                    "request": {
                        "auth": {
                            "type": "bearer",
                            "bearer": [
                                {
                                    "key": "token",
                                    "value": "{{token}}",
                                    "type": "string"
                                }
                            ]
                        },
                        "method": "GET",
                        "header": [],
                        "url": {
                            "raw": "{{baseUrl}}/business",
                            "host": [
                                "{{baseUrl}}"
                            ],
                            "path": [
                                "business"
                            ]
                        }
                    },
                    "response": []
                },
                {
                    "name": "Update Business",
                    "request": {
                        "auth": {
                            "type": "bearer",
                            "bearer": [
                                {
                                    "key": "token",
                                    "value": "{{token}}",
                                    "type": "string"
                                }
                            ]
                        },
                        "method": "PUT",
                        "header": [],
                        "body": {
                            "mode": "raw",
                            "raw": "{\n    \"firmName\": \"Updated Business Name\"\n}",
                            "options": {
                                "raw": {
                                    "language": "json"
                                }
                            }
                        },
                        "url": {
                            "raw": "{{baseUrl}}/business/BUSINESS-ID-HERE",
                            "host": [
                                "{{baseUrl}}"
                            ],
                            "path": [
                                "business",
                                "BUSINESS-ID-HERE"
                            ]
                        }
                    },
                    "response": []
                }
            ]
        },
        {
            "name": "Admin Auth",
            "item": [
                {
                    "name": "Register Admin",
                    "request": {
                        "method": "POST",
                        "header": [],
                        "body": {
                            "mode": "raw",
                            "raw": "{\n    \"name\": \"Admin User\",\n    \"email\": \"admin@example.com\",\n    \"password\": \"password123\"\n}",
                            "options": {
                                "raw": {
                                    "language": "json"
                                }
                            }
                        },
                        "url": {
                            "raw": "{{baseUrl}}/admin/auth/register",
                            "host": [
                                "{{baseUrl}}"
                            ],
                            "path": [
                                "admin",
                                "auth",
                                "register"
                            ]
                        }
                    },
                    "response": []
                },
                {
                    "name": "Login Admin",
                    "event": [
                        {
                            "listen": "test",
                            "script": {
                                "exec": [
                                    "var jsonData = pm.response.json();",
                                    "if (jsonData.token) {",
                                    "    pm.environment.set(\"admin_token\", jsonData.token);",
                                    "}"
                                ],
                                "type": "text/javascript"
                            }
                        }
                    ],
                    "request": {
                        "method": "POST",
                        "header": [],
                        "body": {
                            "mode": "raw",
                            "raw": "{\n    \"email\": \"admin@example.com\",\n    \"password\": \"password123\"\n}",
                            "options": {
                                "raw": {
                                    "language": "json"
                                }
                            }
                        },
                        "url": {
                            "raw": "{{baseUrl}}/admin/auth/login",
                            "host": [
                                "{{baseUrl}}"
                            ],
                            "path": [
                                "admin",
                                "auth",
                                "login"
                            ]
                        }
                    },
                    "response": []
                }
            ]
        },
        {
            "name": "Health Check",
            "request": {
                "method": "GET",
                "header": [],
                "url": {
                    "raw": "{{baseUrl}}/health",
                    "host": [
                        "{{baseUrl}}"
                    ],
                    "path": [
                        "health"
                    ]
                }
            },
            "response": []
        }
    ],
    "event": [
        {
            "listen": "prerequest",
            "script": {
                "type": "text/javascript",
                "exec": [
                    ""
                ]
            }
        },
        {
            "listen": "test",
            "script": {
                "type": "text/javascript",
                "exec": [
                    ""
                ]
            }
        }
    ],
    "variable": [
        {
            "key": "baseUrl",
            "value": "https://rofkc8i0bl.execute-api.eu-north-1.amazonaws.com/dev",
            "type": "string"
        },
        {
            "key": "token",
            "value": "",
            "type": "string"
        }
    ]
}