{"conversionRate":10,"unit":"Nos","minWholesaleQty":5,"customFields":[{"name":"Warranty","value":"2 Years"},{"name":"Power Source","value":"Corded Electric"},{"name":"Weight","value":"3.5kg"}],"cessValue":1.5,"purchasePrice":8500,"GSI1-SK":"NAME#HEAVY DUTY INDUSTRIAL DRILL","name":"Heavy Duty Industrial Drill","imagePath":"https://s3.amazonaws.com/my-bucket/products/drill.jpg","taxInclusive":false,"userId":"cc0df9a4-ab4a-402f-a2d1-3a000b8b79df","categoryId":"POWER_TOOLS","discountType":"amount","productId":"b2efcf6c-fd02-4fca-ab4e-d45a2c36c69f","salesPrice":12500,"taxInclusivePurchase":true,"businessId":"014e2a06-0b38-43e3-ac0a-0d8b1e185aff","discountValue":500,"gstPercent":18,"createdAt":"2026-02-04T11:50:14.382Z","GSI1-PK":"USER#cc0df9a4-ab4a-402f-a2d1-3a000b8b79df#CATEGORY#POWER_TOOLS","hsnSac":"8467","cessType":"Percentage","updatedAt":"2026-02-04T11:50:14.382Z","secondaryUnit":"Box","description":"Powerful 1200W drill for professional use with variable speed control.","PK":"USER#cc0df9a4-ab4a-402f-a2d1-3a000b8b79df#BUSINESS#014e2a06-0b38-43e3-ac0a-0d8b1e185aff","wholesalePrice":11000,"type":"product","SK":"PRODUCT#b2efcf6c-fd02-4fca-ab4e-d45a2c36c69f"}