{"message":"Product Created Successfully","product":{"PK":"USER#cc0df9a4-ab4a-402f-a2d1-3a000b8b79df#BUSINESS#014e2a06-0b38-43e3-ac0a-0d8b1e185aff","SK":"PRODUCT#b2efcf6c-fd02-4fca-ab4e-d45a2c36c69f","productId":"b2efcf6c-fd02-4fca-ab4e-d45a2c36c69f","businessId":"014e2a06-0b38-43e3-ac0a-0d8b1e185aff","userId":"cc0df9a4-ab4a-402f-a2d1-3a000b8b79df","name":"Heavy Duty Industrial Drill","type":"product","description":"Powerful 1200W drill for professional use with variable speed control.","hsnSac":"8467","categoryId":"POWER_TOOLS","unit":"Nos","secondaryUnit":"Box","conversionRate":10,"salesPrice":12500,"taxInclusive":false,"gstPercent":18,"cessType":"Percentage","cessValue":1.5,"purchasePrice":8500,"taxInclusivePurchase":true,"wholesalePrice":11000,"minWholesaleQty":5,"discountType":"amount","discountValue":500,"imagePath":"https://s3.amazonaws.com/my-bucket/products/drill.jpg","customFields":[{"name":"Warranty","value":"2 Years"},{"name":"Power Source","value":"Corded Electric"},{"name":"Weight","value":"3.5kg"}],"GSI1-PK":"USER#cc0df9a4-ab4a-402f-a2d1-3a000b8b79df#CATEGORY#POWER_TOOLS","GSI1-SK":"NAME#HEAVY DUTY INDUSTRIAL DRILL","createdAt":"2026-02-04T11:50:14.382Z","updatedAt":"2026-02-04T11:50:14.382Z"}}