{"message":"Product Created Successfully","product":{"PK":"USER#81403f5d-c4f7-4343-8f4b-a0ee91848bec#BUSINESS#e561d0b1-6f40-46c5-a537-310b5af5cdfb","SK":"PRODUCT#1b6828f8-2818-40b2-9813-5373ccbd34c6","productId":"1b6828f8-2818-40b2-9813-5373ccbd34c6","businessId":"e561d0b1-6f40-46c5-a537-310b5af5cdfb","userId":"81403f5d-c4f7-4343-8f4b-a0ee91848bec","name":"Organic Green Tea","type":"product","description":"","hsnSac":"0902","categoryId":"BEVERAGES","unit":"Box","secondaryUnit":null,"conversionRate":1,"salesPrice":450,"taxInclusive":true,"gstPercent":5,"cessPercent":0,"purchasePrice":300,"taxInclusivePurchase":true,"wholesalePrice":400,"minWholesaleQty":10,"discountType":"percentage","discountValue":0,"imagePath":"","customFields":[],"GSI1-PK":"USER#81403f5d-c4f7-4343-8f4b-a0ee91848bec#CATEGORY#BEVERAGES","GSI1-SK":"NAME#ORGANIC GREEN TEA","createdAt":"2026-02-04T10:54:56.779Z","updatedAt":"2026-02-04T10:54:56.779Z"}}